20000 100 GMPSUM50 smpl1 ../../Instances/Bacteria/changed/Bacteria;Acidobacteria.bacchg BSCharp_GMPSUMBEST_Bacteria_Beam_20000_Filter_100.out.csv 900,GMPSUM50,383,1080.9921671018276,4,273,887.1995952,ctggggcgctacatcaagcgggaaagggggtaagggccggtgatagtattggggggaaaccgggcggcctggggggggcaagctgggggggggcagcaggggggagcccaagcacgccgctgagagcgggaactgggaacgcagaccccggaggccgtaatcggggcagcggcggaaggggtaagggaggcggtcgggggccggaacgggcaggggggggggagggaggggaaaggtatggggaaaccgggcgaagcggaggagcggggcaac
20000 100 GMPSUM50 smpl1 ../../Instances/Bacteria/changed/Bacteria;Aminicenantes.bacchg BSCharp_GMPSUMBEST_Bacteria_Beam_20000_Filter_100.out.csv 900,GMPSUM50,3,1458,4,1365,810.8679668,agtgaacgctggcggcgtgcctaacacatgcaagtcgacgggctcgggtagcaataccgggcagtgcgaacgggtgagtaacacgtgggtaacctccccgagtggggataactccgaaagggggctaataccgcataataggcgatggtctcaaagcccaaggcgctgggagggccgcgcctatcagctagttggtagggtaatggcctaccaaggcagacgggtagccggcctgagagggtgtccggccacactgggactgagacacggcccaactcctacgggaggcagcagtgggaatttgcgcaatggggaaacctgacgcagcgacgccgcgtggggatgaaggccttcgggttgtaaaccctgtcagaggggagaacccgcaagggtgacggtaccctcagaggaagccccggctaactacgtgccagcagccgcggtaatacgtagggggcaagcgttactcggaattactgggcgtaaagggtggtaggcggcgggaagtcaagatgaaacccaggctcaaccggaagtcttgaactgtcgcttgagggtagtgaggagagcggaattcccggtggagcggtgaaatgcgtagatatcgggaggaacaccgaggcgaaggcggctctctagctactcctgacgctgacacgaaagctaggggagcaaacgggattagataccccggtagtcctagcctaaacgatgggcactagatattccgcgttttgcggagtgtcgagctaacgcgttaagtgccccgcctggggagtacggcgcaaggctgaaactcaaaggaattgacgggggcccgcacaagcggtggagcatgtggtttaattcgagctacgcgaagaaccttacctgggcttgaactgctggtggtaggagcccgaaagggtacgacccggctccgggagccagcagaggtgctgcatggctgtcgtcagctcgtgtcgtgagatgttgggttaagtcccgcaacgagcgcaaccctgcccttagttgccagcgggtaatgccgggcactctaaggggactgcctgggataaccaggaggaaggcggggatgacgtcaagtcagcatggcctttatgtccagggctacacacgtgctacaatgggcggtacaaagggagcaaagccgcgagggagctaatccccaaagccgtctcagttcggatgcaggctgcaactcgcctgctgaagcggaatcgctagtaatcgcggatcagcacgccgcggtgaatacgttctcgggccttgtacacaccgcccgtcacatcacgaaagtggtctcccgaagtcgctgagcaacccgcaagggaggcaggcgccgaggaggtcgtgattggggtg
20000 100 GMPSUM50 smpl1 ../../Instances/Bacteria/changed/Bacteria;Aquificae.bacchg BSCharp_GMPSUMBEST_Bacteria_Beam_20000_Filter_100.out.csv 900,GMPSUM50,33,1485.5757575757575,4,723,899.0429069,ggaagtcgcgcaacctgaaggggggaacccgggaaacgggtaacctaaccccaggggaaaggggccccttagcccgccggggggccgcccacagtgggtggaagccacactacggggggcagagtgcgcaagggcgaacacggcccacctcgggggcagcagtggggaattgggcatggcgaagctacccgcagccggtggggagacctggggtaaaccccggggggaagcggtacccagaaaggacggctaactcgtgccagcagccgcggtaaacgtagtcccgacgtgcgcgtactgggcgaaagcggggggaagttaaaccggaaccgaaccatcgctggcggtcccgggcggtgagctaacgggaggcccggggaacggcgcgcgaccaagaagcgggggcaacggattaatcgtgtcccctacgggttgtgggggaaaccgaagcgggggtggcgcggaaccaaaggtgggggcccgcaccggggaggtggtttcgcaccgaaccaccgggttaaggggcgcggcgtgcgggaaggggatgcgtcgtcagtatgtttatgcgggcaaccgctacaggggcaagggagcgcgaagggagaaaaccgtcttgcttggggcaaccccatggcggacgggagcgacagcaaccaaacgtccgggttgaaacccccgagcggaatcggaagccgcaaccccggaagcgtaacggcaaccgaa
20000 100 GMPSUM50 smpl1 ../../Instances/Bacteria/changed/Bacteria;Armatimonadetes.bacchg BSCharp_GMPSUMBEST_Bacteria_Beam_20000_Filter_100.out.csv 900,GMPSUM50,106,1413.198113207547,4,532,897.0859588,gcgcggcgtgcctaaatgcaagtcacgaaggggaaccgagaacctgccaaggggagggggctatcagtgggggggtaagcgcgagggtgcggctggaggagcggagggactgagagggaccgggggagaggattgcaatgggaactgacagcgacgcgcgtgggagctgggattttgggggacgtaccgaaaagggctaaccggagcagccgggaaacgaggggggattctggggtaaaggggggcgaaggggaacggtacggaaagtggggaaggaatcgggactaaatcgtggggacccggcgagcggcccgccggggaagggaagttagatacgggcccaaacgtgagggtgtcaccggccggttaatccggggaaccccaagggaaatcatgggccgccgggggaggggaagtcaacgagcacctgtccacagtcagggcaaggggaagggggaaccaatcgcagtgggctcaatgctcaagcgcgcaacgcgggctaacgctaatcgctgaagctcaaccgtcagtg
20000 100 GMPSUM50 smpl1 ../../Instances/Bacteria/changed/Bacteria;Atribacteria.bacchg BSCharp_GMPSUMBEST_Bacteria_Beam_20000_Filter_100.out.csv 900,GMPSUM50,2,1502,4,1499,0.061295,gacgaacgctggcggcgtgcctaacacatgcaagtcgtacgcagcttccctgactctctgaggaagggaaggctgagtggcgaacgggtgagtaacgcgtgagtaacctgccttgaggagggggataacccctcgaaaggggggctaataccccatacactccagggccgcagggcttctggaggaaagctggcctctgcctggcatgctggcgcctcaagaggggctcgcgtcccatcagcttgttggtggggtaacggcctaccaaggcgatgacgggtagctggtctgagaggatgatcagccacactgggactgagacacggcccagactcctacgggaggcagcagtgaggaatcttgggcaatgggcgaaagcctgacccagcgacgccgcgtgggggaagaaggccttcgggtcgtaaacccctgttctgggagaagaagagggaaggggtgaacagctccttcctgtgacggtatcccaggagaaagctccggctaattacgtgccagcagccgcggtaatacgtaaggagcgagcgttgtccggattcactgggcgtaaagcgctcgtaggcggcttcctaagtctacgtgaaagcccccggctcaaccggggagggtcgtgggaaactggggagctcgagggcaggagaggagagtggaattcccggtgtagcggtgaaatgcgtaatatcgggaggaacaccagtggcgaaggcggctctctggtctgtccctgacgctgaggagcgaaagccaggggagcgaaccggattagatacccgggtagtcctggctgtaaacgatgggtactaggtgtgggaggttcgaccccttccgtgccgcagctaacgcattaagtacccgcctggggagtacggccgcaaggttgaaactcaaaggaattgacgggggcccgcacaagcggtggagcatgtggtttaattcgatgcaacgcgaggaaccttaccagggcttgacattgtggtggtaggagcccgaaagggtgacgacccctggtttccaggggagccacaacaggtgctgcatggttgtcgtcagctcgtgtcgtgagatgttgggttaagtcccgcaacgagcgcaacccttgcccttagttgctaccggggcaacccgggcactctaaggggactgccggcgacaagccggaggaaggtggggatgacgtcaaatcctcatggccctgatgccctgggcgacacacgtgctacaatggccggtacagagggtcgcgaacccgcgagggggagccaatcccagaaagccggcctcagttgggattgcaggctgcaacccgcctgcatgaacgcggaatcgctagtaatcgcgcatcagccatggcgcggtgaatacgttcccgggccttgtacacaccgcccgtcacaccacgaaagtcgacttcacctgaagtcgctgggctaaccctcgcaagagggaggcaggcgccgagggtggggttgatgattggggtg
20000 100 GMPSUM50 smpl1 ../../Instances/Bacteria/changed/Bacteria;BRC1.bacchg BSCharp_GMPSUMBEST_Bacteria_Beam_20000_Filter_100.out.csv 900,GMPSUM50,12,1349.1666666666667,4,694,899.7186176,ggcgaacgggatacgtggtgcctgggggaaaccggaacgggctaatacgctacggctggggttctgggagggccaatgggtggtaggctaccaagcagtctggtgagggggcaacctggaggacggccagactcctacggggggcagcgtcggcaatggagacgacgacgccgcgtgagaggcggtgaaactgtcggaaatcgtaagggcggtacgggaagcgctaatccgtccagaggcgtaaacggagggggcgttgttcgattatgggcgtaaaggggtaggcggttggggaaatcgctgaggcggaaaccgggggaaggggatccggtagctgggtaaacgggacagtgggggggcgccccctggccgaaagcggggagcaaggttgaaccggtagccgcaaacggtgggtgggtatcgacccgcgagaaccttaccgcctggggatagccagggaactaaaggttgcggccgcagcggtggaatgtgttaatcgcaacgcgaaccttaccgggttgcggaccgaactgtggccgagaggtggggtgcgtcagtccatggttagtcggggcaacctgctacatggccggtacgaggaagggggtgagcaatcccggcccttatgggctcaacgctcatgaagggaacgcagtaatctcaaagccgcgtaatagttcccggctgaaacgct
20000 100 GMPSUM50 smpl1 ../../Instances/Bacteria/changed/Bacteria;Candidatus-Saccharibacteria.bacchg BSCharp_GMPSUMBEST_Bacteria_Beam_20000_Filter_100.out.csv 900,GMPSUM50,15,1437.3333333333333,4,708,899.6490253,gagcggcggctgcctaaatgcaagtcgcggacacttgtgtggaggggacggtgagtaagggaatccccaaggagataaccgaaggtataccgactggaaaagtcgcttgggaggcgcggattaggttggtgggtaagctcaaactctatggtgagagataccagaatgagaacggccagaccctacgggggcagcataggatactgggaagatggaggcggtaggaaggctggtgtaactctttttaaacgtaaagaataaggctaacgtgagagccggtatagggaacaccgatggcgtaaaggttgcgtaggagaaagtggggcaaccattaatacgaaggagaggaatagtgggagtaatcgtagaataggaaactgggaggcagactggttcgaccgcacaagcgtggagcacgattagaaccttaccgtacatggagcttggagacccttggaactacggttgatcccgcctgtgtcgaagttggaattacgacgcaactggtgttttttttaacgccccggtaacggggaggaggaggggatgtgtcaggtcgtattttacccgggcaacgtacaaggcgtaaggagaagaggggagatcaggtcagttcgtgggctgaaagcctcaagcggaatcgcaaacgtcagcatcgtaaacgtcccgtcttgtacaaccgccgcatgaagtcaatcgctgtaaggt
20000 100 GMPSUM50 smpl1 ../../Instances/Bacteria/changed/Bacteria;Chlamydiae.bacchg BSCharp_GMPSUMBEST_Bacteria_Beam_20000_Filter_100.out.csv 900,GMPSUM50,13,1541.3846153846155,4,883,899.5200198,gattgttcgttgaagtgcgggggatgacatgcgtcaacggggtttagtgcgaagggttagtaatatatattacttggatcgttggaaaggctatacgtgtgggggccaaagggatgacctcggtaagagagaacactgggtggaagcccagactctaggggtgagagttcgcaacactgacgagacgccgcttggaggctggtaaacttcgcaatgggagtacacgacgccggtagaagccggtaacttcgctgggaaaaggactaatcatttaggcgtaaaggcaggcaaggagagtgtaatggggtgcagcttaatcggatatggggaaagggcgtagcggaaatggtaaatgggaacccacgcttaattttctgagggggaaaaaggaacagttgaatggtagtttggaaacgtgcaacttttatttcacctccggcggagcaacggttagatccctggagtcctgctaaactgaattgggggcaacctgtggagtaacgcgaagacccctgggagtagcaagtaaactcaaaagatacggggcccgcacgcgtgatgtggttaatcgcaacgagaccttacgttgacattagggtgggactcacagctgctgggttaccggggagggtggtaagtcgcaggcccttattccaggggaccaggctctggttaacagaggaagggagatgagcaatcgctgccttatggccaactgctacatggtcgaagcaaaggggagcaaaccaaagctcccttgtaccaccgctcatagggattggttttcctaagtcgttgtcaacctaatagggagggcgcccaagggaggctgatgactggatgaagtcgtaacaaggtagcctacggaaggtgggctggatca
20000 100 GMPSUM50 smpl1 ../../Instances/Bacteria/changed/Bacteria;Chlorobi.bacchg BSCharp_GMPSUMBEST_Bacteria_Beam_20000_Filter_100.out.csv 900,GMPSUM50,13,1429.7692307692307,4,1043,899.7335883,agaaacgctcggcggagtacttggcgcgggtgagtaagtagtaattgcctgggaaacccagaaatcggaaatcagatgcagcgacgcatggttgttgaaagatgccagatgcctattcatcaggtagttggggtaagcccaagccacgacggtatggtctgagaggatgatcagccactggaactgagacacggtccagactcctacgggaggagcagtgaggaatattgcgcaatggggaaagctgacgcagcaacgcgcgtggatgatgaagtcttggatgtaaatccttttggggagaaatcttagatgacgtactctgtgccagcagcccggtatacaggggtggcaagcttgtccggatttactgggtgtaaagggtgcgaggcggatagtcggggttaaaccttgctaacaagcagcttccgatactgtcagagtcgagaggaagtggaatttccggtgtacggtggaatgtgtagaatcggaaagaacacagtgcgaaggcagcttctggcgtgagtacaaagcgtgggagcaacaggattagataccctggtagtccacgcgtaaacgatgatctagatgttggcttgtcagtgtcgagtaacgcttaagatccacctgggaagtacgccgcaaggtgaaactcaaagaattgacgggggcacaacggtggatcatgtggtttaattcgaaacgaagaaccttaccggcttgaatgctaactctgaaaggggtccggggtacaggtgctgcatggctgtcgtcagctcgtgtcgtgagatgttgggttaagtccccaacgagcgcaacctacaattagttacagtatgggactctaattgactgcctacgcaagtagaggaggagggatgacgtcaagtctcatggcccttacgcgggcacacacgtgatacaatggactacaagggcaacccgaggggaatcccaaaagttccagtccgatggagttgcaactcgctccgtgaagttggaatcgctagtaatcgcgatcagcatgctgcggtgaatgtgttccc
20000 100 GMPSUM50 smpl1 ../../Instances/Bacteria/changed/Bacteria;Chloroflexi.bacchg BSCharp_GMPSUMBEST_Bacteria_Beam_20000_Filter_100.out.csv 900,GMPSUM50,44,1421.4318181818182,4,501,897.3326994,tcgctggcgcgcgccccctcggggggagtggcgccgggggaaccggggatccctgtggggggaaagcccgagggggccccatagttggggaagccaagcgacggggaggaggcctggcgcaaggggggtggaagggcaccaagccggcgggcccggtctggggaaagggacggcggaccggccagaccctacggggaggcggaattccgaggggaagctgcggagaacccggggaaggccggttgacgggccagggagcggttagacgcccggaactgtgcagcccgcggtaagggggggaacggcgagttcaaggttgcgggcgcacccggaggtgtggttaatcgcacgagaaccttgttaatgcgaagccggggaggggtgcgcgtcgcacctgctggggaagcgaacgagaacccggtagccacgcggaaggggtgcgccgtgcatgggaacccgttgcaaccgcgacagagggctgacgggcgaagcgcggagggg
20000 100 GMPSUM50 smpl1 ../../Instances/Bacteria/changed/Bacteria;Chrysiogenetes.bacchg BSCharp_GMPSUMBEST_Bacteria_Beam_20000_Filter_100.out.csv 900,GMPSUM50,4,1473.75,4,1271,898.3930678,agcgcgcctacacatgcagtcaagggctttcgggcactggcgcacgggtgagtaacacgtggtaactcctttgcgggaaacattggaaacgatgcaataccgataccttggaaagagtttcgccgaagatggcccgcatgattagctgttgggggtaaggcaccaaggcgaagatcattaccgcctgagagggtgacggccacactgggactgagacacggcccagactcctacgggagcagcagtggggaatattgcgcaatggacgtaagtctgacgcagcaacgccgcgtgagagaaggcttcggtgtaaagtctttagatggtgaagaaccggtagggaaagcctcctgacggtagccatagaataagctccggctaaatccgtgccagcagccgcggtaatacggtggagcagcgtgtccggaatattgggcgtaaagggtgcgtaggcggttaagtctgattgtaagttcagtgctaacgctgaaattggtcggaaactgggactgagtactgtagggaaagcggaatgccgtgtagagtgaaatcgtagaatggtggaacacaaagcgaggcagctttctgggcagtaactgacgctgaggcacgaaagcgtgggagcaacaggattagataccctggtagtccacgccgtaaacgatggatgctagatgttggcgggttcctgtcagtgtcggagctaacgcataagcatcccgcctggggagtacggtcgcaaggctgaactcaaaggaattgacgggggcccgcacaagcggtggagcatgtggtttattcgaagcaacgcgaagaaccttacctggtcttgacatccctgccgtatagagatatatttccttcgggacaggtgacaggtgctgcaggctgtcgtcagctcggtcgtgagatgttgggttaagtcccgcaacgagcgcaacccctgcattagtgccatcattagttgggcactctatgggacagccggagtaatccggaggaaggtggggagacgtcaagtcatcatggcccttatgaccagggctacacacgtgctacaatggcaggacaaggagcaccgcgaggtagcaacctcaaaaacctgtcttagttcggattgcagtctgcaactcgactgcatgaagtcggaatcgctagtaatcgcaggtcagcaactgcggtgatacgttcccgggccttgtacacaccgcccgtcacaccacgaaagtcggtttgccagaagcggtgaccgaatcttcggataggagcct
20000 100 GMPSUM50 smpl1 ../../Instances/Bacteria/changed/Bacteria;Cyanobacteria-Chloroplast.bacchg BSCharp_GMPSUMBEST_Bacteria_Beam_20000_Filter_100.out.csv 900,GMPSUM50,173,1472.606936416185,4,528,895.5848847,ggcggctaaacgcgtgaacgctcggagggggacggggagtaacctaatcgaggggaaaggaaacgctaaatggaggaaggccaagggcgcaagctggggaacccggagaaggctgggagggagaacccaggaagccggcaacccgggggaagggggaatttcgaatgggcgaaagcgagtggggggtaaacgggaaacgtatggaaagggaacgtgaggggaaacgggagcagggaaatgggcgaaagctaggggaaggttagaacacgcgaaactggatacgggcgaaaggtggtgtcggaggaaacaggttgacaccggtgaatgtgggagccgaaacaggttacgcgagggtggagaggttagtgcgcgccttaggtgacccgaaaggaaggttcatctgctaggggaaggggaagcaacacaccccttctgggcaaccgcctgaagggagagtaatctcagtcgggaaccgcttgaaacgcgtccaggaagtgggcgaacctcagagtaaagtctaaatgggaa
20000 100 GMPSUM50 smpl1 ../../Instances/Bacteria/changed/Bacteria;Deferribacteres.bacchg BSCharp_GMPSUMBEST_Bacteria_Beam_20000_Filter_100.out.csv 900,GMPSUM50,13,1500.6923076923076,4,816,899.5929408,agaacgctgggggcaaccatgagtcggggaacttcggggaaccgagggtgagtaaccgtgagatcgggaaccgagtgaaacggtgcatgttttgaaaaggggcgcgctgatgccggcaatagggtggaaggctaccagcacgattgcgctgagagtgcgccactggagagaacggcaatcctacgggaggagagtggaatttgcgcaaggggtacgcagcagccgcgtggagaagttggggtactggggaagatgtaggtatttgaggacaaagccggctaacccgtgcgcagctaatcgggggggcagcgtgtcggatacggggaaaggcgagggtttctggcacaactgaactaatcagagtggagaggaatccgtgtagcgtaaatgcgtagttggggaaacctcaggcggcacgcaactgcctggggagcggggaaacaggattgacgggccgcaaacgtgggagtgttgagcaccgagaacctacccgcctggggatagaaggctcaaggaattgacgggggccgcagcgtgggagtgtttaatcgaacgagaaccttagttgcatcaggaagctgggcactcaggctgccgtcgtgcggaggtgggaagtcgcacaggcccttagtctgggccactctaaggataagggggaagtgggagcgtcaagtctcatggttagctcaactgctacatgaagggaacgagtagcatccaaaatcagttcgggctgcaacgctcaacggatcgctataagcgtgcaccgtaaaggggccttgtaagtacggggtggtcgaacggtgccaccggaag
20000 100 GMPSUM50 smpl1 ../../Instances/Bacteria/changed/Bacteria;Deinococcus-Thermus.bacchg BSCharp_GMPSUMBEST_Bacteria_Beam_20000_Filter_100.out.csv 900,GMPSUM50,88,1457.3181818181818,4,634,897.8641,tgacgctcggtagtggcgcgggtgagtacgtgactcccaggaaacgaaagcaatcatgtggcctgtgttagttgggggggccacaggggggaaggccaccaggacgacacggctgagagggccccagggactgagaggaccccgggggagagttggaatctccaaggcgaaggagggcgacgccgcggggaaagggggtaaacccgaacgggcgaaacggggggaggttccggacgggagcggtacggaggaacggaactgggtacgtgagcggaaagggaaccgggaacggggacgaagggtgggggggggggagcaacgagccgggagtacccctaaacggattgacggggccacaacgtagctgggatcggcgcaagaaccaagttgacggccgaagggtgggggacaacacgcagcttcagcttgctgagaggggtgcccgcaacagcgcacgtcgcagccgtgctgagggggaagcgagagcgcaccctacgcgggcaccagactgcgaaagggaggaagcaatcgcaagccttcgtgggcaaccgctaagggaacgcgaacggagcacgcggtgatagttcccgcttgaaacgcccgtaccatggggtgaaaccccgccgaacacgcg
20000 100 GMPSUM50 smpl1 ../../Instances/Bacteria/changed/Bacteria;Dictyoglomi.bacchg BSCharp_GMPSUMBEST_Bacteria_Beam_20000_Filter_100.out.csv 900,GMPSUM50,2,1544,4,1522,0.299304,agagtttgattggctcaggacgaacgctggcggcgtgcctaaggcatgcaagtcgagcggtagctcctattggttagccgataggagtgagagcggcgcacgggtgagtaacacgtaggtaacctaccccagagagggggataacacctcgaaaggggtgctaaacccccatatacttaccgagcgaatgctcaggtaaggaaaggtatagaggggtaaccctctatgctgctctgggatgggcctgcggcctatcagctagttggtggggtaaggcccaccaaggctaagacgggtagccggcctgagagggtggtcggccacactgggactgagacacggcccagactcctacgggaggcagcagccgggaatcttccgcaatgggggaaaccctgacggagcgacgccgcgtgagggaagaagcccttcggggtgtaaacctcttttctcggggaagaactgacggtacccgaggaaaaagccccggctaactacgtgccagcagccgcggtaagacgtagggggcgagcgttgtccggatttactgggcgtaaagggcgtgtaggcggcttagcaagtcagatgtggaagcccggctcaactcgggaggcatctgatactgctaagctagagggcaggagaggagagcggaacttccggtgtagcggtgaaatgcgtagatatcggaaggaacgccggtggcgaaggcggctctctggactgccctgacgctgaggcgcgaaagctaggggagcgaacgggattagataccccggtagtcctagccgtaaacgatgggcactaggtgtggggagttagactctccgtgctgcagctaacgcgataagtgccccgcctggggagtacggccgcaaggctaaaactcaaaggaattgacgggggcccgcacaagcggtggagcgcgtggtttaattcgatgctaagcgaagaaccttaccagggcttgacatgcaggctgtaagctcaccgaaagggtgagtgccaaataggggtttccctatttggagctgcacaggtggtgcatggctgtcgtcagctcgtgtcgtgagatgttgggttaagtcccgcaacgagcgcaacccctgcccttagttgccagcgggtaaagccgggcactctaaggggactgccggcgaagagccggaggaaggtggggatgacgtcaagtcagtatgccccttatgccctgggctacacacgcgctacaatgggtggtacagaggggagcgaagccgcgaggcggagcgaatccctaaagccacccccagttcagatcgcaggctgcaactcgcctgcgtgaaggcggaatcgctagtaaccgcagatcagccacgctgcggtgaatacgttctcgggccttgtacacaccgcccgtcacaccacgagagtccgcaacacccgaagtcaggcgaagagcctgccgaaggtggggcggatgattggggtgaagtcgtaacaaggtagccgtaccggaaggtgcggctggatcacctccttt
20000 100 GMPSUM50 smpl1 ../../Instances/Bacteria/changed/Bacteria;Elusimicrobia.bacchg BSCharp_GMPSUMBEST_Bacteria_Beam_20000_Filter_100.out.csv 900,GMPSUM50,3,1405,4,1141,899.6806344,taacacatgcaagtcgcggattgagatacagatttagggcaacgggtgagtaacataggaactcctgaatgggaatatcgaaagattatacccataaacacagtggcatcacaggtaaagaatgcttgagatctggctatcagctgttggtaggaagctaccaaggcagacggtaccggctgaaagggacggcacaggactgagacacggccactcctacgggaggcagagtggggaattttggacaatgggaactgatccagcacggcgtggaggagaaggttcggttgtaaactccttttgaggggaagaaaaaatgacggtacctcgaaaagccacggctaactacgtgccagcagccgcggtaaacgtaggtggcagcgttactcggaattactaggcgtaaagcgtaggcggtgtaagtctttgtaatttggccaaccgaaagctgaactggcttgagtggggaggaacggaattccgtgtagcgtgaaatgcgtagatatggaggaacaccgggcgaagcattctggcctactgacgctaatcgaaagctagggagcaaacggattagatacccggtagtcctagcgtaaacgatgtactagtgtgggggtatcgaccccttccgtcgacgctaacgcattaagtaccgcctggggagtacgccgcaaggttaaactcaaaggaattgacggggcccgcacaagggtggatatgtggtttaattcgacgcacgcgaaaaaccttacctgggctgaacgatggtaaaaagaaagaatgacgcaagagcagaggtgctgcatggtgtcgtcagctcgtgtcgtgagatgttgggttaagtcccgcaacgagcgcaaccctatctgttcctagcaataggtctctgagactgccgataatggaggaaggtgggagacgcaatcatcatggcctttatgtccagggctacacacgtatacaatggctacagagggagcatatcgaatggagcaatccctaaagccccagttcagattgggctgcaattcgcccatgaagggaatcctagtaatcgcagatcagcagctgcggtgaatacgttcccgggcttgtacacaccgcccgtcacaccacgaaagtattaacagagtcgttggct
20000 100 GMPSUM50 smpl1 ../../Instances/Bacteria/changed/Bacteria;Fibrobacteres.bacchg BSCharp_GMPSUMBEST_Bacteria_Beam_20000_Filter_100.out.csv 900,GMPSUM50,4,1441.25,4,1123,899.3579542,cgaacgctgggggtgcttatacatgcagtcgagcgagagcccagcggcgaagggtgagtaaccgtaaaactgccattcggaaacctgcaacgcgggtaatccggaggtgcgcatgttgaaagatttcgatgggatggttgcgtccattagtagttggggggacggccaccaagcgagatggtagccgcctgagaggggatcggccacattgggactgagaacggcccagactcctacgggaggcagcagtagggaatttgccaatgggaactgagcagcaaccccgtggggagagcttcggttgtaaaccctgttgggaaaacccgttgaatgtacctgaggaagcacggcaaatcgtgccagcagccgcggtaatacgaggggagcgtttcggaatactgggcgtaaagggacgtaggcgacaagcgtgtaatcggggcaaccccgggcagcgaatcttgatagcagggggcggaattctggtgtagcggtggaatgcgtagaatcagaagaacaccgggcgaaggcgcctgggctatgacgctgaggtcgaaagcgggagcaacaggattagataccctggtagtccgccgtaaacatgcatactgggttccggcgcgtaacgcttaagtgccgcctggggagtacgtcgcaagatgaaaccaaaggaattgacgggggcccgcacaagcggtggagcatgtgtttaattcgagcaacgcgagaaccttaccggtttgacataccggcgagagatgcgttttgaaacacggacaggtgctgcatggtgtcgtcagctcgtgtcgtgagatgttgggttaagtcccgaacgagcgcaaccctttccagttgcccaggggcctctggagaagccggcaacggaggaaggtgggatgacgtcaatctcatggcccttacaccgggcaacacgtgctacaatggctacaagggagccgcgagggcaatccaaaggtcagttcggatcggagtctgcaactcgactccgtgaagtggaatcgctagtaatcgtgggtcagcaaccacggtgaatacgttcccgggccttgtacacaccgcccgtcaagccagaaaggggtgctcaagcgcagcgctaaagcaagac
20000 100 GMPSUM50 smpl1 ../../Instances/Bacteria/changed/Bacteria;Fusobacteria.bacchg BSCharp_GMPSUMBEST_Bacteria_Beam_20000_Filter_100.out.csv 900,GMPSUM50,51,1465.3333333333333,4,871,898.920534,gtggccggataacgctaagaatgctaacaatgaagttaattttatgagggtagaaagaacctgagaacttgcgtattatagttgggggtaagccaccaagcagatggaccggccgagaggtgacggcacaaggggactgagaacggccactctacgggaggcagcagtgggaatattggcaatggacctatccagcaattctgtgtgagaggtttggatgtaaacttaggggaaaaatgacggtaccaaagaaggacggctaaatacgtgccagcagccgcggtaatacgtatgtcagcgttatccggattattgggctaaagggtctaggggaagtgtgaaaatggctcaacagctgaaactgctgagttggaggggggaactacagtagaggtgaaattcgtagatatgtaggaatgccgatggaagacactggaaactgactaagcaaactgggagcaaaggattagatacccggtatccagcgtaaacgatgtactggtgggggaacctgccaacaagcgataagtaccgcctggggagtacgcgcaagtgaaactcaaaggaattgaggggaccgacaagggtggagcattgtttaattcgaaacgcgagaaccttaccagcttgacatcgagagagaggcttgggaagaaggtgggcatggctgtccagctctgtgtgagatgttgggttaagtccccaacgagcgaaccccttagttccacttagttggggactcagactgcctcgagagggaggaaggggggagctaagtcatcatgccccttagtggtccagtgctacatgggtaaagggcaaaccgctcaaacgaagttgttgacctgaatcgccaagggaatgctaaagc
20000 100 GMPSUM50 smpl1 ../../Instances/Bacteria/changed/Bacteria;Ignavibacteriae.bacchg BSCharp_GMPSUMBEST_Bacteria_Beam_20000_Filter_100.out.csv 900,GMPSUM50,2,1500,4,1354,851.9284187,gacgaacgctggcggcgtgcttaacacatgcaagtctaggggaaattcccggtaaagtggcgcacgggtgagtaaagtaagtaactacctaggttcggataactccgaaaacgggctaataccgatgatgcagcggacccatggtatgttgttaaagctataggcctagatggcttgcccgattagctagttggtgggtaacggcctaccaaggcgacgatcggtagctggtctgagaggatgatcagccacactggaactgagacacggtccagactcctacgggaggcagcagtgaggaatattgggcaatgcccgcaagggtgacccagcaacgccgcgtggaggatgaggcgtaagttgtaaactcctttagagggacgaaaatccgatgaatcggacttgactgtaccctagaaaagccccggctaactacgtgccagcagccgcggtaatacgtagggggcaagcgttgtccggattactgggtgtaaagggcgcgaggcgggttagtcagaggtgaaatcctcgcttaacgtagaactgcctttgaactgatcttgagtcgaagagagagcggaattccaggtgtagggtgaaatcgtagatatctggaagaacaccagtgcgaaggcggctcttggtccactgacgctaggcgcgaaagcgtggggagcaaacaggattagataccctggtagtccacgcctaaacgatgaatactaggtgttggtccagggtcagtgccgcagctaacgcattaagtattccacctggggagtacgatcgcaaggttgaaactcaaaggaattgacgggggcccgcacaagcagtggagcatgtggtttaattcgatgcaacgcgaagaaccttacctaggcttgaaagcaggacgggttgaaagaccctcccttcggggcctgtacaggtgctgcatggctgtcgtcagctcgtgccgtgaggtgttgggttaagtcccgcaacgagcgcaacccctaccattagttgccacaggttagctggcactctaatgggactgcctacgcaagtagtgaggaaggtggggatgacgtcaagtcgcatggcccttacgcctagggctacacacgtgctacaatggtgctacaagggagcaaaccgcgaggtagccaatccctaaaagcatcccagttcggattggagtctgaacccgactccatgaagtggaattgctagtaatcgcgatcagcacgcgcggtgaatacgttcccgggccttgtacacaccgcccgtcaagccatggaagccgggggtacccgaagcagtacaaccccgcaaggggaggaagctgctaaggtaaaaccgtgatggggct
20000 100 GMPSUM50 smpl1 ../../Instances/Bacteria/changed/Bacteria;Latescibacteria.bacchg BSCharp_GMPSUMBEST_Bacteria_Beam_20000_Filter_100.out.csv 900,GMPSUM50,13,1363,4,727,899.6397575,aacgggatacggggaacccctgggggataacatcaacgtgctaataccgataacccgagaggaaagggcctctttagctccggatggccgccattagtgttgggggtaaggcccaaggcgagtagggcagggtgccccactgggactgagaacgcccagctctacggggggagtcgagagcttcaaggggaaacctaagcgagccgcgtggggagcttggtgtaaaccctgggaatgcggtaaactgtcgtagaggaagcggaatccgtgagcggggtaaacggggggcaacggttcggatatgggaaagggaggcggttgtatggtgtcccccgaaactggcttgaggggagagggaattcctgtagcggtgaaatgaaatcggagacgggcgaagcgtctggctcgacgcagcgaaagggggagcaacggatgaacccgggcctgtaagtgctaggtgtgtcactcgtgcgtagattaagtccccagagcgcaaggtgatcaggttacgggccccaacggggagcaggaacgagacgcaagcttccttactgggctaacactcttggcgacggtgctgcaggtgtccagccggtctagttggttagtccaaccgactcctagttgctagtaatgggatcagatgccggtgaaacggggggtaacgtcaagcacgtggttacccgaagtgctaggcttcaaaggagcgccgaggtaaaccacagct
20000 100 GMPSUM50 smpl1 ../../Instances/Bacteria/changed/Bacteria;Lentisphaerae.bacchg BSCharp_GMPSUMBEST_Bacteria_Beam_20000_Filter_100.out.csv 900,GMPSUM50,4,1454.25,4,1112,899.2404249,aatgaagctggcggcatggattaggcagcaagtgaacgatcttcgggagagtgcgaaagggtgagaaccgtgaaactgcccatggaaaacagggaaactgctaaaccgatggattgcgcatgtttttaaatattaggagagtcgcgccattagctgttggggtaagcaccaaggctagaggtagtggtctgagaggagtcaccacactgggactgagacactgcccagactcctcgggaggctgcagtcgagaatcttgcaatgcgcaagctgacagcatgccgcgtgatgaaggcctcgggtgtaaatctgtcgggaaaatgaggtacgaggaagccacggctaacacgtgccagcagccgcggtaaacgtggtggcgagcttttcggattatgggcgtaaagggtcgagggggtcaggtgaaatcggctaacctgcctggcggactagagtgagaggaacggaatggtgtagcggtggaatgcgtagatatcggagaccagcgaaggcgctctggcaactgacctagacgaagctggagcaaaaggattagataccctgtagtcagcgtaaacgttgtcaatgtgtgggcggatcgtgtcaagtaacgcgtaagaccgcctgggatacggcgcaagctaaaactcaaaggaattgacgggggcccgcacaagcggtggagcatgtgcttaattcgaggcaacgcgaagaaccttaccggttgaattcgaccggtgaaagcgttccttcgggcgaacagtgctgcatggctgtcgtcagctcgtcgtgagtgttcggttaagtccggcaacgagcgcaacccttcttaccacagtaatgtggacctggactgccgtgtaagcggaggaagggggagacgtcaagtcgtatggccttacccgggcgcaacgtgctacaatggggtacaagggcgcgcgaggcgaatccaaaaccccagtcgattgagctgcaactcgctcatgaagtggaatcgctagtaaaggatcagctacggcttgaatacgttcccgggccttgtacacaccgcccgtcacatcatggagtgttcacccgaagtgaccgcaaggagagccaaggtggcgactgggatg
20000 100 GMPSUM50 smpl1 ../../Instances/Bacteria/changed/Bacteria;Microgenomates.bacchg BSCharp_GMPSUMBEST_Bacteria_Beam_20000_Filter_100.out.csv 900,GMPSUM50,18,1208.111111111111,4,488,898.3838116,gaacgcgcggctgctagcatcaagtaggagatagtcacggtgagtaaggaatctgggggaacccgaaaggaaccatatcggaaaaaacgccggagagctccatcggtggggtaagctccaacaagtagggtagaggccccaactggaacggtaatacggtgagcacggaatgaaggcgaaagtgacgccccgggggagaggtggttaaacttttaggaagtgaatagtaaccgtgaggcgggaggaagctccgaatgggcgaaagggagcgaaaaaaacggctaccgtaaactttgaggggtatgattgtgtagcgttgtgggaaggcgaactctttgagacgaactgggaggaaagagaacgagcctaccgaaacttcaatgggaaaagtaactggagcctctcagttgaggggccccatgacggaattgaaaacaacctgaatttttttgaaaggtaagcagtgggggagccggcggggcgggggg
20000 100 GMPSUM50 smpl1 ../../Instances/Bacteria/changed/Bacteria;Nitrospinae.bacchg BSCharp_GMPSUMBEST_Bacteria_Beam_20000_Filter_100.out.csv 900,GMPSUM50,2,1457,4,1431,0.2816759,aaacgaacgctggcggcgtgcctaacacatgcaagtcgaacgagaaagttccttcgggaatagtaaagtggcgcagggtgagtaacacgtgaataatctgcctttgagttgggataacctgacgaaagttaggctaataccgaataagaccacgtctcaaagagatgcggtaaaaggagtctcaaactccactcaaagatgagttcgcggaccattagctagttggtgagataaaagctcaccaaggctacgatggttagccggcctgagagggtgatcggccacactggaactgagacacggtccagactcctacgggaggcagcagtggggattttgcgcaatgggcgaaagcctgacgcagcaacgccgcgtgagcgatgaaggcttcgggtcgtaaagctctgtcgggtgggaagaacaaatgacggtaccaccaaaggaagccccggctaactccgtgccagcagccgcggtaacacggagggggcgagcgttgttcggaatcattgggcgtaaagcgtatgtaggtggccggataagtcagacgtgtaagcccacggctcaaccgtggaattgcgtttgaaactattcggcttgagtgcagagaggaaagcggaatttccagtgtagcggtgaaatgcgttgatattgggaagaacaccagtggcgaaggcggctttctggctgcaactgacactgagatacgaaagccaggggagcgaacgggattagatacccggtagtcctggctgtaaacgatgggcactaggtgtaggaggtgttgatcccttctgtgccgagctaacgcattaagtgccccgcctggggagtacggtcgcaaggctgaaactcaaaggaattgacgggggcccgcacaagcggtggagcatgtggtttaattcgacgcaacgcgaagaaccttacctggatttgacttgcttgggaccgccttggaaacaaggtttccttcggggcccttgcacaggtgctgcatggctgtcgtcagctcgtgtcgtgagatgttgggttaagttccgcaacgagcgcaacccctacctttagttgccagcgggtaatgccgggaactctaaaggaactgtcggtgataaaccggaggaaggtggggatgacgtcaagtcctcatggcctttatgtccagggctacacacgtgctacaatggccggtacaaagagttgcaataccgcgaggtggagctaatctcaaaaagccggtctcagttcggattggagtctgcaactcgactccatgaagctggaatcgctagtaatcgggatcagcatgcccggtgaatacgttcccgggccttgtacacaccgcccgtcacaccatgaaagccgactgtaccagaagtcacgatgctaaccttcggggagctactgcctaaggtatggttggtgatcggggtg
20000 100 GMPSUM50 smpl1 ../../Instances/Bacteria/changed/Bacteria;Nitrospirae.bacchg BSCharp_GMPSUMBEST_Bacteria_Beam_20000_Filter_100.out.csv 900,GMPSUM50,8,1486,4,1063,899.1858637,ggcgtgcctaaacatgcaagtcgacgaaaggggaatcggtggggaacgggtgagaaactgggtactcctagggggataccgaaaggaatacctagaccgggtgggaaagagccctggaggcccggccatcatagttggtaggtaaggccaccaagccgacgggtgcggctgagaggccgccacatggactggaacggccaactctacgggaggcagcagtggaatttgcaatggggaacctgaccagcacgccgcgtggggagaaggcttcggtgtaaaccctttcgggagaaagacgtacctgcgaaaagccacggctaactcgtgccagcagccgcggtaaacgaggtggcagcgttgtcggattactgggctaaagcgtaggggttgaagtcgtgaaagctaacggatgcgaactgcgctggaggagaggagcggaattcggtgtagcggtgaaatgcgtagaatcgggaggccgtgcgaggcggccctggcactgacctgaggcgaaagcgtggggagcaacaggattagataccctggtagtccacgcctaaactggactagtgtgggttacgtgccgagaaccataagtcccgcctgggagtacgccgcaaggttgaaactcaaggaattgacggggcccgcacaagcggtgggcatgtggttaattcgagcaacgcgagaaccttacctggctgacatggggagaaccgaagggcaccagggccaggtgctgcatggctgtcgtcagctcgtgccgtgaggtgttgggttagtcccgcaacgagcgcaaccccttgttgccacggtagcgggactctgggactgccggaaaggaggaagggggatgacgtcaagtccatggccttatgccgggcacacacgtgcaaatggggcaagggcaaccggaggggagcaaccaaaacctcagttgatgagtctgcaatcgactctgaacggaatcgctagtaatcgcatcagacggcggtgaatacgttcccgggccttgtacacaccgcccgtcacaccacgaagtggcttctccgaaggggagcaaccc
20000 100 GMPSUM50 smpl1 ../../Instances/Bacteria/changed/Bacteria;Parcubacteria.bacchg BSCharp_GMPSUMBEST_Bacteria_Beam_20000_Filter_100.out.csv 900,GMPSUM50,33,1084.5454545454545,4,510,899.1212641,gtggcggctgtaagcatgcaagcgggggaggcaacgggtaacaggaccccaaggataccgaaaggtaatcgatttaaaaatcgggaggggtatcagctgttggtggtaagctaccaaggcagacgtaggggggagcacccccaggactggaacgccaccctacgggggcgcagcgaatcccaatgcgaagtgagggcgccggtgagaagctggtgtaaacttttggaaaagagtcagaaaagggttaatcgtgccagcagagcggaacggccagctaccgaatgggcgaaaggtggggttttatccgtaccggccaactagggggagggggaatggtggggggaatgaacaccaacgaggcaacgcttcgaaagggggagcgaagggagtaccacgctaaatggggatgaccctgagccctaaacgccagtcgcgcgtaaactcggtgacacgcaaaggggttgtaacggtcaccagaatggaaaaactcgtgtgaggggtgggtgtatc
20000 100 GMPSUM50 smpl1 ../../Instances/Bacteria/changed/Bacteria;Planctomycetes.bacchg BSCharp_GMPSUMBEST_Bacteria_Beam_20000_Filter_100.out.csv 900,GMPSUM50,29,1481.5172413793102,4,661,898.9601966,ttggcggcggttaggcatgcaagtcgagggccgggggcgaagggggaaggggaccccggggatagcggggggtaaccaccgcaaaggggggagggcccgggtgagacacgcgacctgggggcgcagtgaatccaatgggggcgagcagccgcgggggagaagccggtgaaaccttggggtaaagaggaaggacggaaggccagcagcgggtaaagagaactttcggaatgggtaaggggggggaggttgaacgaaccggaacggggagaaggggaactgggagcgggaagggatagaacccgggcgaaggccgcctggggaagcgggaaacgattgacggtcccaacgtggagagggttttcgagcaagccccctggggagtaggccaaggaaacaaagaattgaggggtcaccggtggagagtggttaattcgagcgaaccttccgttgcgcgaaaggacccggaaaggggaggtgcgtcagctctgctatgcgggctcacacggcacaatgggtaaaggaagggggggagaatccagccttatgggctgaacgctctgaagggaagcagaaccaaaccgtgatgggctgaaccgccctgaagggatccaaccacaccggtgaagtttgaggacaagcgtaacaaggtagtggggaaccc
20000 100 GMPSUM50 smpl1 ../../Instances/Bacteria/changed/Bacteria;Poribacteria.bacchg BSCharp_GMPSUMBEST_Bacteria_Beam_20000_Filter_100.out.csv 900,GMPSUM50,20,1238.4,4,432,899.6572779,ggattaggcatgcaagtcgacggaaggcttcgggtaagtggcgaaagggtgagtaagctggtaatcctggtgggaaactcgaaaggggctaataccaaaacgatgggaccggtcgccgatgaaaggtggttggtgcgctcggagatagcccggtcctattagcttggtgaggaacgtcaccaaggaacgatgggtagctggttgagaggagtcagccactgggactggaatgccaaactccacgggaggtgcagtcggatatgcaagggggaaactgaatgcgcgccgcggggggatgaagggggttgacttgttaggggaatgtcgttccgaaaagcaacgacgttaccataggaaagcagcaactagtccagcactcgtaaacgagggagaacattgtccggaaaccgtaaaccgcgggggtaggcgaac
20000 100 GMPSUM50 smpl1 ../../Instances/Bacteria/changed/Bacteria;Spirochaetes.bacchg BSCharp_GMPSUMBEST_Bacteria_Beam_20000_Filter_100.out.csv 900,GMPSUM50,96,1456.4583333333333,4,546,897.183896,tggcggctttaacatgaagtcagggagataagggcaaggtggaacggaactagtgggaaagaaaggcaatacggtagaggggaaaggctgagaacggcattgggggagcaaagaatcgcaatgggactgacggacgcccgggagaaggcttgaatgggaaaggagggggtacgaaagccggaatagtggaggcggaatagggagggttcggatatgggaaagggaggcggtagtagaaacggggacgtgatactggagggggaacggtagggtaacgtaaggaccggggaggccgcaaggtgccgcggggagaaggtaatcgttacgcaaatacgggttaatgataagaattaccgggtgaatgtgaggggggccagggtgcatgtgtcgagtcggggaggtggaagtcccggggcacaggctatggcacggggaggggggagcaaccaggcccttgggtcaacgctcaagggacaaacggcaggggaaacgcccgggttgaaaccgctcatggttgatcgcaaccgaagggggtgaatgtgggtg
20000 100 GMPSUM50 smpl1 ../../Instances/Bacteria/changed/Bacteria;SR1.bacchg BSCharp_GMPSUMBEST_Bacteria_Beam_20000_Filter_100.out.csv 900,GMPSUM50,10,1350.1,4,1026,899.6791451,gatgaacgctagcgagctaacacatgcaagtaacgattttttgtagtaaaagtggcaacggcggtaaccgtctaactgccagtggaactagagatgctaatccatattcatgaaatattgaaagatatcctggagggtgcgcctatcaggtgttggggtaagcaccaagccttgacgggtaccggtctagagatgtccggccgatggactgagaacggccatactctacggaggcagcagtggggaatttgcaatggcgaagctgacagcatcgcgtgaggaagctagggtgtaaactcttttttggaagagaatgacggtacaagaataagacggctaactcgtgccagcagccgcggtaatacgaggtccaggtttccggattactgggcgtaaaggtcgtagcgaataagtctttttaaacgctcaacgggggatgatactttctgagtttgggttagtggaatttcggtggagcggtgaaatggttgatatcgaagaagccaaagcaaagcagctactatactgacgtgaggacgaagttggagcaacggattagatacccggtagtcaactaaattatgtgctagtgttttttcgggggtgcgtaataacgttaagcacgcctggtagtatatcgcaagatgaaaccaaagggataggcgggggaacacacaagcagtggattctgattaattggataaaccaagaatcttaccattgcatatgtgtcttgaaagtatatagcaatacgtacagtggtgcatggtcgtcgtcagctcgtgccgcaaggtgtctagttaagtctgaacgagcgcaaccctctcttagttagatgtctaagagactgccggaacggaggaagggaggatgacgtcagatcctcatgcccttactgggctcatagaatacaatgggtagacaggaagcaacgagtgagcaaatctaaactacccagttcggatgtatctggaacgatacatgaagggaattgcagtaatgggaatcagatgtcccgtgaatagt
20000 100 GMPSUM50 smpl1 ../../Instances/Bacteria/changed/Bacteria;Synergistetes.bacchg BSCharp_GMPSUMBEST_Bacteria_Beam_20000_Filter_100.out.csv 900,GMPSUM50,26,1462.7692307692307,4,676,899.3338445,gagtggcgggttaaacatgaagtgcggagggtaaattaggggagggaaacggaacctagggggaagggaacgaaccccataggggtaaggtccgagggggcctgaggggggaaggaacagacggtagccctggagggaggaatggatggaactccagacccgggagggagtgggaatttgggaagggggacgcgagccggtgaagccgggtaaacgtagggggaggccggaatacgggcgtaaacgaggggagcgttgcggtactgggcgaaacggggggaagggaacggtactgaaacgtagtagggaaaccgtggcgaagcgtgattgggagcgggcaaggttgaaccgtaggcgaaacggagcgggttatcgtgccggaacgggctgggggtacggcgataaccaattcgggggccgacaggtggcacgtggtttaattgatgcaaaccaacccctggttgactagtgagagaaggagccggaggaaggtggggcgcgtcagctcgtgtcgggatgttgggtaaggaacgagcgcaacccctgccagtcagcagcgcccgacggaagtggggaacgcaatcatagttgcgggaaacgttcggggacaaggcaccagagttgggtcaccgccggggctaacctaggggaatcgtgaagcgtaaagtggtaaagt
20000 100 GMPSUM50 smpl1 ../../Instances/Bacteria/changed/Bacteria;Tenericutes.bacchg BSCharp_GMPSUMBEST_Bacteria_Beam_20000_Filter_100.out.csv 900,GMPSUM50,195,1470.5179487179487,4,544,894.2071549,ctgcggtgcctaatacatgaacgagtcttagggaagggttaaccgttaactattggggtaactaaagatgatgtttagaggtgaaagggggggcaaagggaggagagagaaactgggactgagagcaactggagagcgtaaatttaatgggaaatgaggcaagtgagaggggtaaactgggaaggttatggattaggggtaaagcgaggggaaaatggcaagcgtttattagggaagcgtggggaaaagggaaccctggacgctaggaaaggtggacaaggtagatatagccagtaaactaaaggtggggagcaaaagtgtattagagaaactaattgacccgcaaaggtggaggtaagaaacattccccctgagttggttaagaagggtcagtttctagttggtgaggaagtggagcgcaattgttatacaactgccaaggaggaaggggaacaaatctcattctgagtgcaatgctaaagggacagagcaatacgttcgttgggtcaaccgccgcaaccgtaaccgaagtggcgggaatggg
20000 100 GMPSUM50 smpl1 ../../Instances/Bacteria/changed/Bacteria;Thermodesulfobacteria.bacchg BSCharp_GMPSUMBEST_Bacteria_Beam_20000_Filter_100.out.csv 900,GMPSUM50,8,1493.875,4,1241,898.3167125,ggcgcgcctaaccatgcaagtcgggggaaagggttcgcccagtacccggcagacggtgagtaaccgtggaacctccgggtcgggataacccgaaaggggcaataccggatagtcggcgcagcagaaaggggccctgcatagcaagccctgccgaggggccgcgcccatcagtagttggtgggtaaggccaccaagcagacgggtagccggcctgagagggtggtcggccaccggcactgagacacgggccgactcctacgggaggcagcagggggaatcttgggcaatggcgaagctgacccagcgacgccgcgtgggggaagaaggccttcgggtcgtaaacccctgtcggggaagaaccggtaaactagtgacggtacccaggaagccacggctaactcgtgccagcagccgcggtaatacgaggtggcagcgttgcccggaatactgggcgtaaaggggcgtaggggcggaagtcggtaaagcccgggctcaacccggagctgaactgttgcttgaggccggagaggcggcggaattcccggtgtaggggtgaaatccgtagatatcgggaggaacaccgtgggaagcccgctggacggcctgacgctgaggccgaaagcgtggggagcaaaccggattagatacccgggtagtccacgcctaaacgatgggctggtggggggaacctctgccgagctaacgctaagcccccgcctggggagtacggcgcaaggctgaaactcaaaggaattgacgggggcccgcacaagcggtggagcacgtggtttaattcgatgcaaagcgaagaaccttaccgggttgacatgcaggggacccggtgggggggcggctgcgcctgcacaggtgctgcatggctgtcgtcagctcgtgcgtgagtgttgggttaagtcccgcaacgagcgcaaccctgccctagttgccacggtgccgggcactctaggggactgccggggaaacccggaggaaggggggatgacgtcaagtctcatggcccttatgcccgggctacacacgtgctacaatgggggtacagaggggcgaacccagggggagcaatcccagaaagcccctcagtcggatcggggtctgcaactcgaccccgtgaagccggaatcgctagtaaggcggatcagcatgccgccgtgaatcgttcccgggccttgtacacaccgcccgtcacaccacggagcggctcccgaagtcgtacccaacccggg
20000 100 GMPSUM50 smpl1 ../../Instances/Bacteria/changed/Bacteria;Thermotogae.bacchg BSCharp_GMPSUMBEST_Bacteria_Beam_20000_Filter_100.out.csv 900,GMPSUM50,46,1490.6304347826087,4,644,897.9092174,tgggggaacgtggcggggtaactgaagtgggaactgggggaacggggagtaactacggaggggaaggggaccatcagaggggggaagccccccacaggtggggggggcccaaggacgagacggccacccacgggaggcagcagtgggattgaatggggaagcgacgccgcggggagagccttgggtgtaaatggggggacaataggaggaagcccggaatacgggcagcgcggaaacgtagggggagcgtcggaacgggtaaagggggtaggcgggaagcggggaaacggttgggggggaacggtcggtaggggaaaagtgggaacggtgaagggtctccgcgtgaccgaagcgggagcaaggtaatacccgagccttaagatgacggggggaactctgtagaaggtagggcctgggggtagccgggtgaggttggggcccacaacgggagcgtggtattgggaagccccagacggaggagggggggaccaggggcgggcgaccggggaggggggaagcaagagcgcaacccgtaatgggggaagcggaagcaggaggagccaactgttattgggcgacacaccgccgtagccacccgatgggcgaagcctaaccggggggcgaagcgcaggggggaagcgggg
20000 100 GMPSUM50 smpl1 ../../Instances/Bacteria/changed/Bacteria;Verrucomicrobia.bacchg BSCharp_GMPSUMBEST_Bacteria_Beam_20000_Filter_100.out.csv 900,GMPSUM50,89,1311.3370786516855,4,252,898.1605516,cgtggatatgcaagtcgacgggaatttgagcaataaactgcgaaggtgcgaactgggaactggaatgggtagcggaagcgaattaaaccgcagggggggaatccgaaaccggggaacggttagaccccggctatagtgggggaggcaccttcggccgggcaagcaactggctggggagtaggtgaagtcgaaattcgggggaaactgaggacgagaggagacttcggttactgtctttgggaagccacgaat
20000 100 GMPSUM50 smpl1 ../../Instances/Bacteria/changed/Bacteria;WPS-1.bacchg BSCharp_GMPSUMBEST_Bacteria_Beam_20000_Filter_100.out.csv 900,GMPSUM50,2,1467,4,1358,829.6153458,gagtttgatctggctcagcctgaacgctggcggcgtggctaagacatgcaagtcgacggatgcaattcagtggcgaacgggtgagtaagaatcgctaagtccccggactctgggatagctcgaaaggggtaataccagatgatatccttcctgatggaggtctcaaaggtccgccggtctgggagcggcgatttcgtatcagctagttggtaggtaacggctaccaaggcgacgacgcgtagccggactgagaggttggccggccacattgggactgagacactgcccagactcctacggggggctgcagtaacgaatcttccgcaatgcacgaagtgtgacggagcgacgccgcgtggggacgaagcttcggtgtaaaccctgtcagggaagaaagttctgatctcccagaggaaggcggctaactctgtgccagcagccgcggtaaacagaggccagcgttaggcggaatcactgggcttaaagcgtgtgtaggcggatctaagtaccttgtgaaatcccacggctaccgtggaactgctggtatactggtgtcttggccactaggggcgtggaacaaatggtggagcggtgaaatgcgtagatatcatttggaacgccaagggaaacaacgctggggtgtgcgacgctgagacacgaaagccaggggagcgaacgggattagataccccggtagtcctggcctaacgatgtcactagatcgtaggctctgacggtatggtcgaagcaaaagtgctaagtgaccgcctgggaagtacggtcgcaaggctaaaactcaaaggaattgacgggggctcacacaagcggtggagcattggtttaattcgaagcaacgcgcagaaccttacctgggttgagctaggattatcctgaaagtagtaggccccggggtacaactagtacaggtgctgcatggctgtcgtcagctcgtgtcgtgagatgtcgggttaagtcccttaacgagcgaaacctttcccttagttaccacgggttatgccggggactctaaggggactgccggtgtcaaaccggaggaaggtggagatgacgtcaagtcctcatggcctttatcccagggcacacacgtgctacaatggggcacaagcgaccaaacgcgagctggaaatcgcagaaatccccccagttcagatggaggctgcaactcgcctcctgaagtggaatcgctagtaatcgcggtcagctacccgcggtgaatgtgttcctgagccttgtacacaccgcccgtcaagtcatgggagccggaaatggccgaaggctcacacagagtactacgccaggttcggtgactgggactaagtcgtaacaaggtacccgta
